{"mins":[0,1,1,0,0,0,0,0,0,0,0,0,0,0,0,0.018662166,0.5,0,1,-12,0,0,0,0,0,0,0,0,0,0,0,0,0,0,0,0,0.016699077,0,0,0,0,0,0,0,0,0,0,0,0,0,0,0,0,0,0,0,0,0,0,0,0,0,0,0,0,0,-1,-1,0,0,0,0,0,0,0,0,0,0],"maxs":[65506,119999961,9437,0,152299,0,24820,1472,4714.37931,5796.50069,11632,1454,3877.333333,6715.738331,1040000000,3000000,107000000,76000000,120000000,107000000,120000000,120000000,64400000,120000000,120000000,120000000,120000000,77700000,120000000,120000000,0,0,0,0,223396,218272,2000000,2000000,1306,24820,2190,4380.487987,19200000,1,0,0,1,1,0,0,0,0,3050,0,0,0,0,0,0,0,0,0,0,152299,0,0,65535,65535,6747,78,31000000,0,46000000,31000000,120000000,0,120000000,120000000]}